Source_id,RA,E_RA,E_RA_tot,DEC,E_DEC,E_DEC_tot,Peak_flux,E_Peak_flux,E_Peak_flux_tot,Total_flux,E_Total_flux,E_Total_flux_tot,Maj,E_Maj,Min,E_Min,PA,E_PA,Isl_rms,S_Code,Mosaic_ID,Closest_prototype,Closest_prototype_x,Closest_prototype_y,Heatmap,index,corrected_id,cutout_index
ILTJ11.025.059.1+46.031.,171.4964298898576,0.25422975595747366,1.7189045257995559,46.52880113087292,0.17173586292128148,1.7086524534302805,3.893968818570382,0.08087173773674294,0.7829814585062006,25.83786484310655,0.21754180374128995,5.172149922653119,38.26193565998449,0.7165975182880754,7.696502889207555,0.09183263397974745,32.88285081191264,1.0077639497164184,0.08087173773674294,M,P11Hetde,378,18,18,"[  16.90763664   16.70352364   14.8888588    12.89740181   13.58997536
   22.50626755   50.03759003  119.83332825  221.64660645  306.58892822
  337.5758667   288.65307617  211.78491211  141.3638916    84.97933197
   45.24923706   22.95456314   16.02703667   15.8245945    16.4969368
   22.03340149   21.22465134   17.80122757   13.77221298   11.83681202
   15.77713966   34.50968933   90.43865204  184.74697876  270.76727295
  302.28033447  262.10400391  185.22589111  112.73246765   63.94895554
   35.39863586   21.86500359   19.15205002   20.46212578   21.57522964
   27.16818428   24.92798805   21.23876381   16.6378479    12.82299709
   13.41250992   23.33048058   54.24638367  113.1632843   180.68649292
  213.59341431  188.37738037  128.46113586   73.77151489   43.87333298
   28.81678963   22.90044022   24.43774796   26.29991531   27.20482254
   30.53543472   27.71348953   24.20818138   19.90912819   15.33294201
   13.35370064   17.67429161   32.27383041   59.36946106   97.00998688
  120.76622009  108.6778183    74.56349945   46.41474915   33.06004333
   27.2130909    26.9066658    30.42705917   31.87674332   31.54961014
   32.32320023   29.53869629   26.21714401   22.47794724   18.10118484
   14.62380028   14.88619041   20.93308067   32.11101532   48.6565361
   60.31667709   56.43603134   43.35870743   33.67716217   29.88617897
   29.85289764   33.01306915   36.85528946   36.32846069   34.13511658
   33.09846878   30.45701027   27.51656723   24.59470367   21.07044601
   17.12010956   14.48336124   15.58124447   19.82171059   27.43268776
   33.02642059   33.92059326   31.94141006   31.35835266   32.66893387
   35.74872208   40.45829773   43.9243927    42.19008255   36.30053711
   33.20477295   30.76558685   28.41987991   26.2368927    23.60539436
   20.05821037   16.25161743   14.39943123   15.10819626   18.96279144
   23.26190186   27.52656555   32.08932877   36.67779541   40.17451477
   42.97888184   46.61405945   48.97863007   44.81118774   37.39705658
   33.47413635   31.14912415   29.16778183   27.61386871   25.36120605
   22.37614059   18.6697998    15.6521244    14.63757324   16.2780838
   20.46054077   26.33683395   34.01758575   41.20630646   45.47838211
   46.92608261   47.47805023   46.80435181   42.81238937   37.2563591
   33.7361908    31.31973648   29.78906631   28.51302528   26.63835526
   24.02260971   20.49322701   17.30070114   15.82834244   16.33098412
   20.09190559   25.45111847   32.85842896   39.23072052   42.73143387
   43.22403336   42.89121246   42.03049469   40.70320892   37.59224701
   33.30805969   30.83077621   29.95869827   29.29937744   27.64540672
   24.72724533   21.10112381   18.11619949   16.85624886   17.18699265
   18.98652267   23.33007431   28.7374897    33.10808563   35.05737686
   35.59104919   37.02479935   39.18474197   40.13647079   37.52473831
   31.53246117   29.69673538   29.31848145   29.30797195   27.57473183
   24.21774292   20.47045135   18.08008194   17.61762619   18.47919083
   19.7589283    21.3830719    23.98555565   26.68975449   28.06866455
   28.8107605    30.85068512   34.63059998   36.46918488   34.4980545
   29.43729401   28.29143143   27.77664185   27.50007248   25.58488846
   22.05081367   18.85375595   17.79490662   18.7277565    20.63424873
   22.55842972   23.51010513   23.61284256   24.15054703   25.04214096
   25.68998718   26.4570694    28.61062241   30.38704681   30.38186836
   27.11014175   26.32806969   25.52586365   24.4636097    22.16399002
   19.16747665   17.39585495   18.09643173   20.84331131   24.24960136
   27.0470829    28.09233856   27.04534721   25.37405777   24.86158371
   24.74584389   24.61293983   25.1795311    26.32348633   27.18703079
   24.22134781   23.56694794   22.48218918   20.89710426   18.83424759
   17.03792191   17.02103043   19.96135712   25.40610313   30.8411541
   34.57795334   35.49975967   33.24303818   29.09448051   26.09185028
   24.21445465   23.34433746   23.30596733   23.78779984   24.26449966
   21.23391724   20.26875305   18.74591064   17.30902672   16.17150497
   15.95897675   18.47267914   24.98706818   34.35393143   42.74441528
   48.00873566   48.42047501   44.25908661   36.74023438   29.7851181
   24.76521492   22.25868225   21.61614227   21.55175781   21.53662872
   18.10627937   16.48417282   15.20107841   14.7694416    14.72768593
   16.49899292   22.55321121   34.31821823   49.54347992   61.68379974
   68.35185242   68.19612122   62.11221313   50.89720917   37.96995544
   27.54531479   21.95946693   20.16734695   19.52413368   18.98961449
   14.09631157   12.98158646   12.93974972   13.50593758   14.73839951
   19.13833046   29.70384216   48.58217239   71.01699829   87.56021118
   95.35686493   94.20959473   86.24299622   71.69390869   52.00106049
   33.91894531   22.89923096   18.58241463   16.90164948   15.58383942
   10.47402954   10.79341316   11.79571533   12.98438644   15.94363403
   23.63807869   39.85611343   68.56109619  102.11465454  126.57740784
  137.105896    132.28291321  117.7985611    95.77781677   68.39292908
   43.48158264   25.3242836    16.0334568    12.42786217   11.08539581
    9.53791237   10.53399944   11.57653427   13.01936722   17.44015121
   28.40341187   51.37956619   93.89035034  147.3422699   189.32963562
  204.20281982  187.0308075   156.85353088  122.31907654   84.51721191
   52.31668091   27.17678833   13.03091526    8.7583065     8.90641975
   12.05118752   12.74943352   12.69512939   13.10079193   17.06942558
   28.93995857   57.44129181  116.49302673  197.63168335  265.67593384
  288.22735596  250.83766174  196.21681213  142.55123901   93.31584167
   53.60144806   25.75525284   13.41108513   11.14225388   11.27538204]",7922,547,7922
ILTJ11.04.08.3+54.025.01,166.03440117815018,0.10410666640219013,1.703184722215819,54.42166621012201,0.08861321504165624,1.7023079339179554,4.758436734955516,0.10363531416166746,0.957313472570167,13.429830922772434,0.13571401140295017,2.689392614971133,11.437848766421089,0.2661664149647249,8.884084463469948,0.18108843335241115,59.036695291877656,5.304094673383647,0.09791686898097396,C,P164+55,378,18,18,"[  24.61146927   29.06339836   31.75567627   32.65261841   36.0686264
   46.65527344   75.81816101  145.68356323  247.24765015  332.05108643
  361.88995361  308.52554321  227.17955017  152.13780212   91.62753296
   47.85180664   22.47236633   15.47738838   17.15623474   20.14009094
   28.50856018   32.63352585   31.97677994   30.27023125   30.10490608
   35.45148468   55.66627121  113.02165222  208.11331177  294.31387329
  324.54827881  281.07156372  199.61456299  122.49101257   68.95834351
   35.86721802   18.37144089   14.50768661   17.91930389   23.0424633
   32.12234497   34.64888763   33.2130127    30.67281342   28.61125755
   30.57703781   42.10845184   73.69186401  132.79614258  200.57777405
  232.56161499  204.73455811  140.63816833   81.07624054   46.93700409
   27.71305466   17.17887115   15.67447472   19.69714737   26.20840073
   35.7122879    35.57066345   34.31949234   32.14250183   29.13525772
   28.61390686   34.46061707   49.43856812   75.77149963  112.42041016
  135.71017456  121.36778259   83.54576111   51.38246918   34.51950073
   25.04766083   20.25674248   20.34568024   23.28163528   29.32600403
   36.34174347   35.61598969   34.44212341   32.81824875   30.04556465
   28.08913422   29.37267685   36.22097778   46.01346588   60.55178452
   71.58114624   65.59486389   49.29299927   36.23887634   29.61762428
   26.79190063   26.492733     27.73216248   28.97669983   34.24323273
   35.36361694   34.77754593   33.95734024   33.22524261   31.46240616
   29.23979187   27.54406929   29.03124428   32.02425766   36.63271332
   41.36140442   40.28846741   35.15607834   31.59035492   30.56116867
   31.56665039   34.14476776   36.22074509   35.61021042   34.66200638
   33.8991394    34.05371475   33.70571136   33.75949097   33.09951782
   30.65869904   27.75624847   26.02810669   25.77933884   26.43610382
   29.21265411   31.43819046   32.98128891   34.79360199   36.41938019
   37.73057175   39.98580933   41.64963913   38.91689301   34.86259842
   32.86141968   32.47429276   32.91423035   32.81277847   33.1659317
   31.78915215   28.44985962   25.46165466   23.7371521    22.78224373
   24.3917942    28.26072884   33.21997833   38.06236267   40.82421112
   41.12670135   40.64925766   39.90626526   37.24407578   33.9890213
   31.97129822   31.49274445   32.10580063   32.48415375   32.54439545
   31.11171913   28.42346382   25.25515366   23.32775307   22.29999542
   22.5647583    26.07110023   31.45847893   35.9325943    38.10018158
   37.5540657    36.14365387   35.758255     35.09786224   33.36309814
   30.65242577   30.09201813   30.61357117   31.72145081   31.24248123
   30.02595139   27.28919792   24.49762726   23.09299469   22.57932281
   22.60662842   23.83924103   27.18651009   30.1605835    30.95983124
   30.29271317   30.81586456   33.32728577   34.46061707   33.04461288
   28.60359383   28.34262657   29.24496269   30.25617599   30.410429
   28.1587429    25.42039108   23.44965744   23.22464371   24.10021591
   24.48306656   24.18444824   24.06414032   24.53409004   24.63000488
   24.60985947   26.12944221   29.79774094   31.6753788    30.54910088
   27.09122086   27.04664612   27.78561401   28.14924049   27.99294662
   25.52191544   23.48029327   23.09827042   24.48863602   26.74580383
   28.04022408   27.85850525   25.79044533   23.92878532   23.24626923
   23.11524582   23.58472443   25.60989761   27.14137268   27.32111359
   25.02799606   25.0705452    25.75523758   25.97151947   25.15252686
   23.47702789   22.80392456   24.32990074   27.64879608   31.3626194
   33.49821091   33.341362     30.31756592   26.29933548   24.12909317
   23.23584747   22.90526962   23.27248383   24.19910049   25.04982185
   23.73068428   23.59014702   23.6751461    24.02425385   23.6444664
   23.14625168   24.18233109   27.97366714   33.29714203   39.34078979
   42.1842041    41.70236969   37.43323135   31.07771111   26.35205269
   23.59322357   22.40237808   22.21320724   22.61784744   23.27107048
   22.2875824    22.49848747   22.9512558    23.46450233   24.16994095
   24.89235878   28.24637794   35.1754303    44.71356583   52.93495178
   57.06636047   56.4201355    49.87931061   40.19615173   31.55308533
   25.47042847   22.42320251   21.5841465    21.5905056    21.93060684
   21.04545403   21.36837387   23.04774475   25.32522011   26.70441246
   29.16146851   35.69821167   47.26734161   61.59989929   73.54824066
   79.19607544   77.72703552   69.55198669   56.50629425   41.91174316
   30.05135727   23.53408623   21.34279251   20.81887817   20.82286072
   19.42543793   21.71640205   25.15678406   28.07546616   31.10234642
   36.17459869   46.67136383   64.68864441   85.69377136  101.77113342
  108.18021393  105.37724304   95.52292633   79.69585419   58.54226685
   38.54409027   25.96676445   20.8770504    19.37957001   19.00009155
   19.31522751   22.99159622   27.85084915   31.92728424   36.74634552
   45.5868721    61.1805954    87.76049042  119.62667847  142.91847229
  152.15020752  145.70420837  129.32623291  105.49542236   76.61204529
   49.60661316   29.33382797   19.07549286   15.74452209   17.5903511
   18.85978317   23.83860016   28.98474312   33.52731323   40.81254959
   54.32479858   77.26195526  117.51543427  168.39990234  209.22940063
  222.78982544  203.17077637  170.51527405  133.58380127   92.95732117
   58.17427063   30.8222084    15.99239159   12.37563324   14.67369652
   20.80702209   25.77324677   30.35563278   34.01909637   40.60028839
   55.09734344   86.09227753  143.80401611  222.27587891  289.32446289
  310.50878906  269.65200806  211.44180298  154.18562317  101.25279236
   58.07817459   27.80030823   15.33939457   14.45108604   16.59840012]",21181,2318,21181
ILTJ11.04.010.2+54.025.0,166.04258644522395,0.08528213857508192,1.7021377861853424,54.42501992831844,0.06935645468776974,1.701414211121694,5.656884389230336,0.10470165817225467,1.136211281826023,14.3109790674883,0.14039915971513064,2.8656372413221196,10.778763893704415,0.21375984191671643,8.450341487015685,0.14597201833460707,63.17738473493656,4.779343023721706,0.09791686898097396,C,P164+55,378,18,18,"[  25.64942169   29.02817535   30.37650299   30.79200554   34.0492363
   44.71274185   74.18202972  144.00270081  244.565979    329.02941895
  358.72460938  306.02410889  225.16902161  150.84762573   90.87230682
   48.10055542   23.92063332   17.89419556   19.71656609   22.25442886
   29.35272598   32.07311249   30.3512516    28.25249481   27.9151535
   33.28544617   53.65729523  111.11708069  205.61276245  291.92779541
  322.48397827  278.99768066  197.98477173  121.29276276   68.49693298
   36.3849678    19.96998024   17.0091114    20.69332886   25.08339691
   32.4420929    33.24517822   31.18161392   28.20960617   25.87480545
   27.82578659   39.48337555   71.35729218  130.56549072  198.64382935
  230.93809509  203.26481628  139.3656311    80.34338379   46.77432251
   28.17608833   18.51831436   17.93315125   21.99515915   27.61644554
   35.35560226   33.70821762   31.95059586   29.36611557   26.15367889
   25.53657532   31.33760071   46.73893738   73.64126587  110.85073853
  134.81536865  120.84772491   83.12412262   51.02025986   34.37201691
   25.27152634   21.24205399   22.05345917   24.90720367   30.02527428
   34.65183258   33.48171616   31.91718674   29.93780518   26.91080475
   24.74374008   26.0884304    33.08256912   43.65608215   59.02290344
   70.87639618   65.42237854   49.23576355   36.08573532   29.43349075
   26.72215462   26.96875      28.7007637    29.74296188   33.42694092
   33.47159195   32.53390503   31.33963394   30.20539856   28.12078857
   25.53180504   23.91271973   25.48934174   29.03188324   34.74182129
   40.30406952   39.97219086   35.13967514   31.53010178   30.38644028
   31.38220978   34.1138916    36.30331039   35.2348938    33.47893524
   31.82470512   31.24662399   30.59246826   30.23613358   29.22142982
   26.78146362   23.80470276   22.23436737   22.33370972   24.0782547
   27.6680336    30.70936584   32.76868057   34.77317047   36.26348114
   37.38175964   39.50526047   41.04090118   37.87514114   33.27905655
   30.47491837   29.86807251   29.58098221   29.47846031   29.00498199
   27.30685997   24.19708252   21.44795609   20.11390305   19.91924286
   22.35176086   26.89061737   32.45410919   37.5863266    40.30136108
   40.33773804   39.51567459   38.43688202   35.25476074   31.83514786
   29.20087814   28.58979797   28.52537346   28.52799988   28.11994743
   26.70700455   24.01816559   21.1540451    19.63077164   19.06397247
   20.12365723   24.0546875    29.69740295   34.46347809   36.66286087
   35.81406021   33.89937592   32.98428726   32.17190552   30.66630173
   27.63638306   26.81947517   26.99401855   27.41340256   26.93815994
   25.51677322   22.87585068   20.39881134   19.38668442   19.45959473
   20.02769852   21.45463181   24.8336792    27.71847916   28.49298477
   27.69013596   27.88319588   30.04220581   31.20202446   29.69783783
   25.22900772   24.64850044   25.22939301   25.942173     25.58922005
   23.59070206   21.02179718   19.36079788   19.49771309   20.76961899
   21.72538757   21.7935524    21.65463066   21.93510437   21.88830948
   21.74382401   23.06560707   26.44016838   28.24940872   26.93629074
   23.04317665   22.77292442   23.23534775   23.65940666   23.10180664
   20.8969593    19.0552597    18.97007751   20.71298218   23.36489105
   25.03001976   25.26154327   23.40782547   21.48913765   20.55743408
   20.22929382   20.50078964   22.22712135   23.53853226   23.50100899
   21.21748161   21.04325867   21.19036674   21.15725708   20.25986481
   18.730093     18.31432343   20.16094971   23.81633759   28.04178238
   30.47419739   30.6601944    27.71233559   23.60288429   21.23657417
   20.20087242   19.74206352   19.85707855   20.51366425   21.11616516
   19.69363403   19.52964401   19.32765007   19.18394852   18.69090652
   18.35339355   19.64330864   23.7474556    29.46698189   36.17776108
   39.22316742   39.0145874    34.81822586   28.27196312   23.29414177
   20.43383026   19.1049633    18.73600769   18.93292999   19.40347672
   18.40267944   18.32775879   18.34999847   18.60313797   19.09472275
   19.96272659   23.63324165   31.1647644    41.18781281   49.85663605
   54.18331909   53.65821075   47.14826202   37.34663773   28.44397736
   22.1805439    19.05706596   18.05425835   17.95973206   18.18806458
   17.28508377   17.31280327   18.44044876   20.22860718   21.52889633
   24.12758255   31.04681969   43.4728775    58.20998383   70.80914307
   76.60899353   75.16040039   66.87138367   53.53961945   38.68309021
   26.67334366   20.15481186   17.88826561   17.32359695   17.25623894
   15.86653709   17.50521088   20.38418007   23.03626633   25.95760727
   31.15384293   42.14771271   61.1469574    82.73117065   97.87799072
  105.5382843   102.77146912   92.77757263   76.49575806   55.26979446
   35.16267776   22.7534523    17.70794296   16.19133186   15.70267677
   16.01250458   19.15066338   23.32170486   27.18013763   31.98094559
   40.93313217   57.11785889   84.13620758  117.2612915   140.72077942
  149.57316589  142.19691467  126.06824493  102.55156708   73.47590637
   46.63447189   26.69489288   16.61467743   13.33781624   14.74959755
   17.32786942   21.63119507   26.24192619   30.62145424   37.85882568
   51.3361702    74.12702179  114.16027832  165.00282288  205.71972656
  219.28465271  199.73199463  167.23019409  130.427948     90.32898712
   56.17757034   29.48552132   15.1912632    11.7457037    13.72187519
   20.85856628   24.86680603   28.84226227   32.29521942   38.85038376
   53.28966141   83.77609253  141.00057983  220.65135193  286.05789185
  307.15444946  266.38812256  208.85696411  151.76609802   99.44487
   57.5345459    28.24941444   16.62067413   15.89439964   17.5778904 ]",21180,2319,21180
ILTJ11.04.039.4+55.026.0,166.16426182219735,0.05508475645283124,1.7008922159835607,55.4406393344516,0.05276902360624578,1.7008187939496542,5.267501109408063,0.10019611540781312,1.0582542128654262,6.44515109747461,0.1627680406628757,1.2992660781504142,6.913821241139638,0.13644272300023474,6.3723767058856735,0.11683197356494365,54.35289417796086,11.112155415135808,0.09611512359697372,C,P164+55,378,18,18,"[  16.13100815   17.78080177   20.65524864   23.23274231   27.80993652
   39.54204559   69.74332428  140.5479126   240.7718811   322.87957764
  350.9342041   297.46813965  216.19696045  142.21722412   83.51274109
   43.05879974   22.03346252   17.18201828   17.49456406   16.65820885
   15.4110899    16.55609703   17.95793915   18.38066864   19.49645615
   25.78604317   46.98999786  105.54402161  200.40582275  285.46862793
  314.87640381  270.82800293  189.14724731  112.21873474   60.20372391
   30.38927841   16.93236542   15.20687485   16.53097916   15.87047291
   15.09468651   16.56711578   17.68691635   17.06975365   16.27314377
   19.19378281   31.57810974   64.63630676  124.00025177  192.0993042
  223.89028931  195.43449402  130.13807678   69.91795349   36.69135284
   20.2131958    14.00512695   14.78209305   15.63697338   14.89885712
   16.34297943   18.22025681   19.28675461   18.46644592   16.55723763
   16.80841064   23.1500473    38.754879     66.32316589  104.29039764
  128.29710388  113.26947021   73.31924438   39.3374939    22.61719894
   15.43181992   14.92232132   17.84370804   16.97106934   15.40572929
   19.48339081   20.90310669   21.43196106   20.57587814   18.4078064
   16.83848572   18.41617775   24.92083931   36.35359955   53.07383347
   65.28643036   58.64420319   39.58374023   23.94162178   16.65483284
   15.15753746   17.97358894   21.88015938   20.18247604   18.60182953
   22.76618195   23.48653793   23.43714523   22.93229294   21.42951584
   18.69231033   16.86467361   18.19861221   22.39380074   29.70121956
   35.73552704   33.73553848   26.02897072   19.80631065   17.4354763
   18.35642624   21.87927628   25.08351135   24.81140327   22.15403748
   24.51932144   25.23892212   24.6012001    24.32970428   23.50634384
   21.47947884   18.34900665   16.30537415   16.5953064    19.59695053
   23.43495178   24.63716698   23.94635773   23.26917267   23.23792267
   23.75505829   25.79520226   27.54073715   26.0860672    23.92314911
   24.12788391   24.18352318   24.3011322    24.85630035   24.90976715
   23.6552124    20.54340363   16.96695709   15.08900642   15.51265144
   17.98929787   20.89444733   23.70103264   26.37024498   27.49188614
   27.11499214   26.61681747   26.19158554   24.7140007    23.77487183
   23.08866119   23.34688187   24.12923813   25.16311836   25.72535706
   24.90431786   21.71417236   17.73274612   15.13332367   14.22828293
   15.17482948   17.95248795   21.57445145   24.44244194   25.45201111
   24.63037491   23.63821983   23.5929203    23.58624649   23.31216431
   21.79020882   22.29804993   23.89743805   25.50824165   26.03882599
   24.76362228   21.27120399   17.47747803   15.09422874   14.18755627
   13.9488678    14.71132088   17.03447723   19.03831482   19.26912308
   18.94832039   19.96543121   22.17243576   23.1531868    22.5793438
   20.07361984   20.89683723   23.13719559   25.22024918   25.3700161
   23.33755875   19.73898315   16.60743523   15.18644524   14.97261715
   15.16685867   14.16920948   13.30185127   13.44188881   13.38234234
   13.62108803   15.53713608   18.99318695   20.95786285   20.51778603
   18.67370224   19.59285545   21.49445724   23.27276993   23.18157959
   20.80386925   17.85026169   16.27846146   16.39331627   17.35725975
   18.4548645    17.45388794   14.55175304   12.25716782   11.46613216
   11.50006104   12.42220497   14.83721352   17.09252548   18.10951614
   17.30408859   18.19414139   19.59489441   20.80369949   20.49533844
   18.73400879   17.09981918   17.45088959   19.35981941   21.74571609
   23.67089081   22.64061356   18.81343651   14.28221703   11.92133713
   11.31342983   11.66020775   12.86446953   14.64923286   16.27305603
   15.89596939   16.77503967   17.97702408   19.1889801    19.33332062
   18.62429428   18.47600555   20.99267197   25.9098568    29.65285683
   32.13673401   30.74973869   25.7592392    18.95431137   14.16468239
   11.91978359   11.61320782   12.31035805   13.48323154   14.79882812
   14.56075954   15.73894787   17.50271988   19.22366333   20.34732628
   20.54992676   22.76892853   28.43792343   36.46053314   43.42404556
   46.94300461   44.8418808    38.04631805   27.968256     19.48590469
   14.15332031   12.16415882   12.1874218    12.79131317   13.60260201
   13.53112602   14.98486137   17.53696442   20.82241821   22.81421661
   25.52371979   30.90571594   40.996418     54.31015015   64.37831116
   68.96720886   66.20509338   57.64419937   44.15527725   29.77060318
   18.99695969   13.60316467   12.19653702   12.11076927   12.51543617
   12.07440662   14.63665962   18.76813126   22.58014107   26.60931396
   32.50715637   42.87631226   59.11507416   78.66036987   92.17961884
   97.64282227   93.74446106   83.32626343   66.87937164   45.68687439
   27.25144577   16.18498421   12.05536366   11.10185528   11.41679478
   10.98062897   14.39039421   19.98019409   25.07438278   31.79986572
   41.72051239   58.07385254   83.51298523  113.40290833  134.27816772
  141.49868774  133.3855896   116.3007431    92.67675781   64.13046265
   38.52768707   20.49229813   11.74175549    9.31515312    9.62718582
   11.07909775   15.65716934   21.39644432   27.6198597    36.58379364
   50.40300751   74.3336792   114.80444336  162.55575562  200.42828369
  211.77789307  190.75476074  157.59912109  120.81168365   81.62809753
   49.01799011   24.67359924   12.10758781    8.87746429    9.34311104
   14.11670494   17.22591782   21.87109375   27.54773521   36.23300934
   51.6816597    81.62112427  140.51467896  217.56387329  280.48193359
  299.58410645  257.6184082   198.60531616  142.77212524   92.0194397
   51.65343475   25.30215645   15.29891491   13.89109707   13.54278088]",21114,2327,21114
ILTJ11.058.053.2+54.040.,179.72156017279718,0.18189720261561354,1.7097036562864878,54.670581025620486,0.4305688569249599,1.753678859014291,3.2082976800613556,0.08455494389636442,0.6472066893140092,9.730159159681355,0.1886888074106675,1.9551581411618086,14.245713623592156,1.0341960331564064,7.346319054435932,0.3767326494588987,79.11728040695478,5.661189531219219,0.08455494389636442,M,P178+55,378,18,18,"[  29.28824615   30.86791992   32.42586517   33.56742859   36.48971558
   46.15460205   74.09681702  142.24655151  241.89678955  324.30715942
  353.08654785  300.70248413  220.32440186  145.87799072   86.56358337
   44.78994751   22.64032745   18.27423859   21.87739372   26.09783745
   30.8895607    31.37700844   31.00777435   29.45384979   28.89874268
   33.74494934   53.25895691  108.85272217  202.37547302  287.41101074
  316.89315796  273.91174316  192.86346436  116.25743103   63.21017456
   31.92230034   17.34667587   17.01976204   22.51367378   27.89128494
   31.52840424   31.06613922   30.05111885   27.51255035   24.93508148
   26.89278412   37.8335495    68.55750275  126.69068909  193.76953125
  225.59170532  197.90148926  133.82859802   74.12010193   40.1370163
   22.23163986   14.42143726   16.44247055   22.84661484   28.93457794
   30.99768257   30.40775871   29.41753769   27.01357269   23.83592415
   23.0682373    28.46712875   43.20544434   69.09754944  105.62152863
  129.04504395  114.59047699   76.35995483   43.68099976   26.9320488
   18.17797852   15.07873344   17.93283272   23.39502716   29.1604805
   29.97097397   29.57199669   28.59397507   26.48975372   23.32034302
   21.17872047   22.37963486   28.98284149   38.80168533   53.53455353
   64.86264038   58.85053635   42.09627533   28.44122887   21.72331238
   19.07041168   19.44299698   21.95144463   24.9778862    28.12764359
   29.07099533   28.65585327   27.57132721   26.0932827    23.85756683
   21.54946518   19.89584541   21.57562256   24.63818932   29.67239952
   34.75617218   33.59783936   27.93190384   23.67221832   22.46621323
   23.63252068   26.47590065   29.0489502    29.15463829   28.5297699
   28.6967144    27.85482025   26.91435242   26.13465881   25.16621971
   23.11998749   20.32019615   18.7586422    18.64359283   19.70513535
   22.82608032   24.89814186   26.10326767   27.27514267   28.61468887
   30.01472855   32.56427383   34.62879944   32.6478653    29.6945343
   28.97629929   27.71529007   26.73609734   25.95476723   25.66275787
   24.56503487   21.60092354   18.61075974   16.97851753   16.0697155
   18.19396973   22.15538788   26.98665619   31.32501602   33.75885773
   34.17275238   34.31307983   34.53284073   32.98828506   30.59794235
   29.45045471   27.75624847   26.69858932   26.13945007   25.89602661
   24.97757339   22.24987793   18.85806465   16.84677124   15.61286736
   16.5229187    20.41679001   25.92007446   30.43082047   32.51156998
   32.2841301    32.1003418    33.33946228   33.64404297   32.0333252
   29.21374512   27.38669586   26.77835464   26.66526222   26.22431564
   24.80779648   21.68333054   18.44442749   16.81247711   16.68220901
   16.46731949   18.40298271   22.36344719   25.87030792   27.10118675
   27.22649765   28.97970963   32.55862427   33.96643448   32.09738922
   27.61669159   26.43450356   26.4636898    26.85034943   26.08911514
   23.7435379    20.35765266   17.83742523   17.14330673   17.71372223
   18.6507988    18.65266991   19.43050766   20.97684479   22.01915359
   22.78104401   25.01150513   29.17776871   31.02991486   29.58539581
   25.67333603   25.20965958   25.36349106   25.67085457   24.62365723
   21.86555099   19.09379578   17.94566154   18.48633194   19.96436501
   21.52466202   21.80519676   20.88404655   20.48695564   20.98186111
   21.58659172   22.39611053   24.3737278    26.0173378    26.16957855
   23.92355156   23.81421661   23.81547356   23.82109642   22.57217407
   20.45751953   18.91273689   19.51316452   21.62678146   24.3199501
   26.49146843   26.77062225   24.84032822   22.51498413   21.59056854
   21.28248215   21.2344017    21.70837402   22.71657562   23.55371475
   21.75179672   21.96384239   22.09469986   22.27254868   21.48841667
   20.40964127   20.44013977   23.1554985    27.50892258   32.24944687
   34.74157715   34.66667557   31.60498428   26.76542091   23.37796211
   21.45135117   20.51179886   20.40893936   20.79076385   21.33237648
   20.0821209    20.52176094   21.09205246   21.43909836   21.99367142
   21.85306358   24.30909538   30.26931381   38.80379486   45.96287918
   49.5194931    48.70452118   43.43177032   35.18701935   27.92516708
   22.81106758   20.22317505   19.47987747   19.39974403   19.60622597
   18.7413559    19.26902199   20.90672684   23.18317032   24.48479843
   26.05317307   31.61921692   42.21549225   56.02426529   66.82505035
   71.74533081   69.91577148   62.55189514   50.52776718   37.20227814
   26.62991714   20.94650459   19.00324249   18.46009827   18.43775177
   17.64439774   19.85561562   23.25276566   25.94708252   29.05118561
   33.36550903   42.87761307   59.92636871   80.18803406   93.52648926
  100.62185669   97.54621124   88.03090668   72.68314362   52.75498199
   34.2516098    23.19993591   18.84695816   17.49837303   17.1849575
   18.01397324   21.78443909   26.52568245   30.59451675   35.30137253
   43.5175705    58.12957382   83.8973999   114.44113159  136.83932495
  144.70599365  136.65620422  120.77619171   98.16643524   70.3146286
   45.02533722   26.79421997   17.88278008   15.32503796   16.17405891
   20.91815948   25.19706535   29.99690628   34.86656189   42.28419495
   54.58525848   75.1856308   113.99411774  162.56542969  201.47338867
  213.93492126  194.0158844   161.758255    125.75862885   86.88915253
   54.35448456   29.36526489   16.48700142   14.35373116   17.02947617
   25.6776886    28.79994011   32.5539093    36.41599274   43.00382233
   57.02143097   84.82389832  140.57923889  217.32653809  281.51791382
  301.36013794  260.56072998  203.45495605  147.34243774   96.05259705
   54.95576477   27.56252289   17.46541023   18.41164589   21.69280243]",43340,4199,43340
ILTJ11.059.049.6+47.052.,179.95667657361,0.4999620482960316,1.7719938063481946,47.872419543890054,0.39958600255982346,1.746330144457725,6.210690264182932,0.1305107434745878,1.2489755788112737,52.09843362304642,0.42379539092337754,10.428301586182041,62.32090125947367,1.5017251868967763,8.117068243667847,0.12766429934066129,37.7328408062425,1.2964232004558018,0.1305107434745878,M,P19Hetde,378,18,18,"[  23.10109329   22.85489273   21.92237663   20.90525818   21.14063644
   28.41346359   52.61623001  116.96495056  213.37696838  293.39038086
  322.01104736  273.67480469  198.67730713  129.75570679   76.20127106
   39.18590546   19.18831253   15.58042908   19.02554321   22.2690239
   26.86401749   25.38777924   22.68126488   18.89581299   16.34225082
   19.00234413   35.11863708   86.62026978  176.24490356  258.5914917
  287.18191528  247.27464294  172.38273621  102.56993866   56.08103561
   29.70970917   17.94992447   17.94543839   22.64321136   26.14109612
   29.25826645   26.85599518   23.6481266    19.23928833   14.95083809
   14.50331306   22.41677856   50.2393837   105.29071808  170.05647278
  201.27137756  176.09585571  117.51960754   64.78639221   36.81059265
   23.01570129   18.55467606   21.8400135    26.65023804   29.46781349
   30.31725693   27.82062149   24.85545731   20.80888748   15.95705414
   13.11039352   15.94795227   28.255867     52.48545837   87.07037354
  109.23422241   96.68884277   63.70541382   37.29844284   25.60854721
   21.10428238   22.05735016   26.7770195    30.05158234   31.78290176
   30.71244812   28.48844528   25.7964859    22.39986801   17.79145813
   13.5120163    12.67965221   17.22075653   25.98893738   39.39407349
   49.29823303   44.50153732   31.860466     23.7996788    21.82118797
   23.26315117   27.55152512   32.29135132   33.7120285    31.771698
   30.68099594   28.69167137   26.39635086   23.83101273   20.38775635
   16.06143951   12.86933517   12.64143372   14.69883633   18.77243233
   22.37267685   21.7727623    19.50564003   20.26597214   23.49947166
   28.36475372   34.36419678   38.56000137   37.44931793   33.09608078
   30.77804756   28.37234306   26.57686234   24.85318184   22.80271149
   19.94959831   15.51457024   12.35211658   11.06151772   11.32309723
   13.15342903   15.45773697   19.02553177   24.38786697   29.52672386
   34.38230133   39.93811798   43.32880783   40.32553864   34.271595
   31.5723362    29.43507004   27.26434898   26.76078987   24.81743431
   22.43950653   18.67051315   14.3689785    11.57877445    9.83240509
   11.09970951   15.07416153   21.4844532    28.72483826   34.18358231
   37.57173157   40.52626038   41.90707397   39.43254471   34.94507599
   32.40115738   30.20851517   28.34824371   27.62008667   26.53268051
   24.87684822   20.89367294   16.36623383   13.28270721   11.26391983
   11.63378239   15.29207611   21.71448517   28.01512146   32.42676163
   34.79425812   36.9580307    38.89137268   38.81206512   36.19890594
   32.57468414   30.31180191   29.76521492   29.10352516   28.5335598
   25.86389923   21.54319382   17.13798523   14.40558815   13.28113461
   13.01409149   14.79125214   19.2440052    23.85787964   26.88572121
   29.20700836   32.89292908   37.17578125   38.77831268   36.15367889
   31.20779228   29.74830437   29.74791908   30.16576767   28.37849426
   25.32678032   20.67612457   16.94542313   15.05775833   14.70933151
   14.93855286   15.37068939   16.89737892   19.59076691   22.0576458
   24.27510452   27.83211327   32.79125977   35.12332535   33.31509781
   28.72402573   27.93354034   27.98588181   28.66714478   26.60736847
   23.06299973   18.90351868   16.43764877   15.89207458   16.54110336
   17.38605499   17.89075661   18.01637268   19.01375198   20.80582047
   22.35243416   23.77680779   26.63303375   28.97131729   29.34197998
   27.0232048    26.66918564   25.86316299   25.36575127   23.30813026
   19.84561157   17.29296494   16.51832581   17.61910248   19.58466721
   21.28258133   21.87658691   21.14422607   20.3669529    20.82931328
   21.50652313   22.00510597   23.13551712   24.83173752   26.12795448
   23.35221481   23.92096329   23.45314026   22.0915184    20.13661194
   17.76060677   16.73091888   17.99246979   21.55395699   25.43647766
   28.08407402   28.65657043   26.7208786    23.51638412   21.67136383
   20.76076889   20.6546936    21.16594124   22.10535431   22.96971512
   20.17517662   20.08956146   19.76573181   19.69951439   18.15387917
   17.19778252   18.10662079   22.60640717   29.94754601   36.57976532
   40.68308258   40.69365692   36.81230164   30.47450638   24.76685333
   20.94439697   19.34383965   19.30015182   19.61806107   19.94753647
   17.22934151   17.46926498   17.82857132   18.13098145   17.93451691
   18.48966026   22.48142624   31.7122364    44.62656784   54.64178467
   60.08106995   59.31104279   53.45555115   43.11598969   32.06624603
   23.19133759   18.76933289   17.62189484   17.37659073   17.30233002
   14.68239594   15.12144947   16.93629456   18.7156105    19.58886528
   22.50958443   30.42475128   46.04728699   65.50225067   79.3767395
   85.97994995   84.13793182   76.08312988   62.35171127   44.576828
   28.8433609    19.30135155   15.947402     14.9214344    14.40319443
   12.54016113   15.20505047   17.71518517   20.03198242   23.12668991
   29.12284088   41.90779877   66.43338013   96.17368317  117.83323669
  126.12858582  119.99204254  105.92038727   85.04174805   59.7706871
   37.40051651   21.24198914   13.5886631    11.38194847   11.46746731
   14.07717133   16.46458817   19.20711327   21.92631531   26.71929741
   36.13599014   54.98026276   92.36380005  140.39007568  178.19268799
  190.53381348  172.704422    143.07377625  110.15942383   74.72547913
   45.55896759   23.02316284   11.54476738    9.72720718   11.83934593
   18.04974174   19.57399178   21.373106     22.72963715   26.6273613
   37.07912445   62.23027039  115.42248535  189.98852539  253.26083374
  273.10900879  235.13807678  181.6005249   130.15924072   83.95547485
   46.92987823   21.86270142   12.91464996   14.00176525   16.71136093]",75734,6294,75734
ILTJ13.048.041.9+50.013.,207.17465571344974,0.2622093965408981,1.720102836354368,50.23120498029199,0.1033336465595177,1.7031376463783796,4.535404615953018,0.10492216097190976,0.9131289400075617,31.108960967961938,0.2222637162421904,6.2257609382151005,29.12605320631144,0.6433153369038371,9.761242913989461,0.16311882252683077,17.00762506099653,1.5253956421853272,0.10492216097190976,M,P206+50,378,18,18,"[  20.95692825   19.68338585   17.51209068   14.60051346   13.49180794
   18.69442368   40.70301819  100.85713196  192.53192139  270.74551392
  298.97473145  251.87382507  179.08889771  113.15885925   62.83812714
   30.12306404   15.80695248   16.54553604   20.64775467   21.62222099
   25.24147415   23.62979507   20.06167984   14.87606335   10.75310707
   11.29313564   24.78525162   72.38774109  157.04541016  236.48834229
  265.27471924  226.7850647   154.34072876   87.80485535   44.65970612
   22.25979805   15.30327415   18.98204803   24.26652527   25.81114197
   28.54046249   26.88925171   23.21427155   17.6043148    11.77570343
    9.36212349   15.01597404   39.55515671   90.59901428  152.15229797
  182.4677124   158.58166504  102.72962952   53.01593018   27.87542725
   17.55429077   17.11839485   23.00273514   27.60165405   28.91769409
   31.33182907   29.70515633   26.26164246   21.17109299   14.83431339
   10.19836426   10.88249207   21.1542244    42.83718109   75.42053986
   97.64555359   86.65565491   55.19232178   30.30289459   20.08661652
   17.96946526   22.46640778   29.17644882   31.4478302    31.44743347
   33.78251648   31.71522522   28.4858532    24.17001343   18.41132927
   12.7259264     9.71280479   12.59045601   20.36123848   33.21509171
   44.61619568   41.981987     30.24040604   21.92635345   19.95384598
   22.51274109   29.089674     35.58227921   35.4978981    34.13525391
   34.75532532   32.7431221    29.89189529   26.62301254   22.20737457
   16.76627731   11.55168056    9.73631668   11.5304718    16.17505836
   22.58703613   25.11702156   24.15244675   24.00584793   25.87391281
   29.92020416   36.22914886   41.08369064   40.08657837   36.08609009
   34.52206421   32.88481903   30.76657104   28.52780151   25.45915031
   20.71666336   14.9787693    10.68352699    9.23116684   10.69249535
   15.71372604   21.89067841   27.49918556   32.39115143   35.92211914
   38.65955353   42.43904114   45.08837128   42.08717728   36.90023041
   34.06350708   32.39248657   30.86705017   29.39721107   27.17972755
   23.5395546    18.27116394   13.25690842   10.39774418   10.42098427
   14.00003338   21.53118515   30.37210846   37.97284317   42.18149948
   43.36195374   43.37160492   42.83940125   39.73615646   36.26564407
   33.28924179   31.71877289   30.7470417    29.77711868   27.96863174
   24.83166122   20.12971497   15.2085104    12.08282471   11.17488194
   13.12349129   19.7360611    28.42641449   35.39291      38.91042328
   39.25614166   38.41977692   38.00351334   37.22171783   35.70877838
   31.72590065   30.2252903    30.02395248   29.76727676   28.17348862
   24.84610367   20.01682854   15.30814743   12.35484886   11.17749596
   12.03098679   15.45484734   21.91033173   27.11040497   29.48058701
   30.24749756   32.05731201   34.98065567   36.30404282   34.34607697
   28.75535202   27.84386826   28.40144348   28.92456055   27.30892372
   23.28411102   18.10135269   13.81787777   11.61530113   11.17052078
   11.26481628   12.32075691   14.98422432   18.13614273   19.98368454
   21.46896553   24.86096001   29.87348557   32.28061676   30.67328262
   25.5075798    25.16370773   25.62462044   26.047369     24.15843582
   19.64962387   14.79513931   11.79259014   10.97932625   11.55338192
   12.27641773   12.73264503   12.89165497   13.96076107   15.56254101
   17.03855133   19.1102562    22.68987656   25.4331665    25.90686226
   22.90293503   22.76957321   22.48440552   21.87267303   19.34022903
   15.17688179   11.61448479   10.41965675   11.32664108   13.36717796
   14.8692379    15.34897995   14.42389393   13.61718941   14.14530849
   15.17712975   16.40439415   18.26505661   20.51587105   22.15966415
   19.73577309   19.86694336   19.25132751   17.75835228   15.01717091
   11.80907059    9.86756897   10.70316315   13.72644615   17.88771248
   20.22648239   20.57734489   18.48857498   15.37220383   13.81595802
   13.62233734   14.44065475   15.77086639   17.34308624   18.87164879
   16.89867592   16.87112427   15.96548367   14.35578537   12.18721962
   10.0424614    10.18550873   14.03482628   20.78628159   27.22204971
   30.84522247   31.01702881   26.97779465   20.62044525   15.48564911
   12.79164505   12.54363251   13.55896187   14.80173683   16.05034256
   14.17108154   13.77118111   13.26962566   12.57775497   10.96277237
   10.23749542   13.19944191   21.41584206   32.82544708   43.08934784
   48.34345245   47.64814377   41.74164581   31.92878914   21.32106781
   13.87783432   11.35425949   11.65960312   12.63294506   13.62017632
   11.08076859   11.55713177   12.06786537   11.96247864   11.38237572
   12.68065453   19.46098518   33.73241425   51.82090378   65.78586578
   72.08607483   70.44562531   62.84619904   49.90732956   32.90763092
   18.41356468   11.13272476    9.77150059   10.30127716   10.89084053
    9.14031696   10.63115501   11.83346367   12.28547859   13.37021828
   17.7815094    29.26153946   51.91356659   80.03979492  100.87510681
  109.58137512  104.72425842   90.96316528   71.11811829   47.05340195
   26.25805283   12.56771469    7.57693481    7.20824957    8.14576817
   10.31575012   11.53966713   12.69993973   13.6103096    16.5369873
   24.14422607   41.62820435   76.55019379  122.75743866  159.74237061
  172.5112915   155.48129272  127.09753418   95.27583313   61.87020874
   34.26749039   14.79872894    6.97280121    6.93381453    8.45535755
   15.0593338    15.14506817   15.27191257   15.06344318   17.48352623
   26.13770676   48.65782928   98.87059021  170.35360718  231.93087769
  251.81829834  215.49739075  163.04380798  114.24382782   70.14113617
   36.08057404   15.94175625   11.46124268   13.70925903   14.75760078]",98907,8159,98907
ILTJ14.011.014.2+47.010.,212.80914819560644,0.6547754067283016,1.8217384096670446,47.178018817886176,1.0805708422278824,2.0143568067929465,3.1451481570257696,0.06842088623670861,0.6327398318891585,16.970281400880694,0.17738190701104845,3.3986883313916803,45.18402450054786,2.871092872431233,14.216465971303743,0.7803514289865111,118.00367236224027,4.936485367518474,0.06842088623670861,M,P213+47,378,18,18,"[  25.27407265   25.38145447   23.75799942   20.08070374   19.21949387
   25.03333664   48.93870544  113.06404877  209.07067871  288.52703857
  317.37756348  269.32870483  196.13693237  131.39381409   79.21003723
   43.0562973    23.83922577   19.56626892   21.32194901   24.04505539
   27.57442474   27.296978     24.96130753   21.02415657   18.08295822
   20.06026459   35.09096527   85.86502075  173.65258789  254.49758911
  283.56796265  244.98777771  171.34735107  102.97399902   58.70825195
   33.50843048   23.31482697   23.66368294   26.39002228   26.93924141
   31.73771286   30.76682281   28.2796669    24.09118462   20.68183136
   19.23931503   27.19109726   53.83603668  106.43106079  168.22865295
  198.12290955  173.22290039  116.28401184   65.44555664   39.29866791
   27.5529747    25.10062027   29.4431076    32.75431061   31.96848297
   35.35625839   34.09471512   31.79606438   27.90177345   23.09553146
   20.26316833   23.13775253   35.50099564   57.68521118   89.31343079
  109.43540192   96.34361267   63.89234161   39.10404205   29.16671562
   26.57549286   29.68355179   35.87730026   38.41235733   37.72096252
   38.72874451   37.47692871   35.03035736   31.55461502   27.06430054
   23.27927399   22.22702217   26.68097878   34.55895233   45.02557373
   52.83761978   47.15364075   34.72768402   27.19834518   26.53239441
   29.588377     35.67629623   41.83237457   43.10057068   39.66951752
   41.95579529   40.41313171   38.05942535   35.33320618   31.7891655
   27.61455536   23.95681763   23.66077423   25.67762566   27.05954742
   28.79150391   27.5024128    24.97901344   25.54600906   29.32929611
   35.40726089   42.74818039   47.77232361   47.82236481   43.46191788
   44.60877609   43.79354095   41.34733582   39.11689758   36.31269836
   32.44818497   27.9306221    24.81861496   23.57844543   21.70616913
   21.69404411   23.34540749   26.61375809   31.54045105   36.70278168
   42.4311142    48.98835754   52.63648224   51.1951828    46.69468307
   47.02323532   45.02963638   43.22706604   41.70521545   39.63722992
   36.61938477   32.34108734   27.99558258   25.47005463   22.6339035
   21.28205299   24.67021179   30.68195152   37.6089325    42.93404007
   47.04390717   51.15870667   52.96895599   52.0354538    49.29055786
   48.46424484   46.33308411   44.7457695    43.77515411   42.21380615
   39.63200378   35.41973877   30.83600235   27.94429398   25.90810966
   23.45902634   26.20965958   32.60542297   38.70625305   43.21587753
   46.43116379   49.90624237   52.78839111   53.44401169   51.48548126
   48.38972473   46.47760773   46.16085815   45.74288559   44.30814362
   41.08649826   36.48804855   31.98401642   29.18726349   27.98386383
   26.34958076   26.65829086   31.04731369   36.06406021   39.55163956
   42.69585037   47.41471863   52.30609512   53.98265839   51.72811127
   46.7243576    45.59764099   46.02536011   46.55455399   44.69937897
   40.79499054   35.75415039   31.65822983   29.54629707   28.90433121
   28.80966949   27.90490532   28.98152924   31.96844864   34.83720779
   37.69182205   42.44831085   47.85653687   50.30329132   48.81852722
   44.54273605   44.10751343   44.31550598   44.56110764   42.43459702
   38.14971924   33.43504333   30.58652496   29.82608223   30.03924561
   30.31169891   30.55134583   29.99029541   31.00471497   33.237854
   35.271492     37.3664093    40.97893524   43.93704987   44.79100037
   42.12477875   41.88890076   41.59513092   40.80706406   38.12773132
   33.98814011   30.83614731   29.77750778   30.68749237   32.1342659
   33.39775848   33.70554352   32.73820877   31.98457909   32.59321594
   33.71260071   34.9149437    36.96536255   39.46824646   41.38753891
   38.75983429   38.71640778   37.89264679   36.3728981    33.77303314
   30.67275238   29.19400406   30.06840324   33.36048126   36.68477249
   39.29963303   39.602211     37.50595856   34.34714508   32.72407532
   32.63508606   33.43955231   34.84378433   36.53661346   38.03290176
   35.133564     34.71790695   33.52433777   31.82309532   30.16455841
   28.36061668   28.76953506   32.77020645   39.71931076   46.01183319
   50.42763519   50.03768921   46.60567474   40.28769684   35.01963043
   32.20932388   32.00192261   32.8586731    33.88456726   34.76257324
   31.54633904   30.18016434   28.94112587   28.64713287   27.61696243
   27.30551147   30.82582474   39.51041031   52.49448395   61.96562195
   67.64969635   66.99855042   61.55284882   51.86199188   41.23648071
   33.67116547   30.89942169   30.89390373   31.36895561   31.67951965
   26.73682022   26.98613167   26.85430145   25.51472092   26.02656937
   27.34818649   35.62112808   50.87682343   70.33076477   85.59321594
   91.21591187   89.89328003   82.45738983   69.76646423   52.72171021
   38.02185822   30.46134567   28.54849625   28.34044647   28.09440231
   22.97543907   22.51684189   24.47459221   24.29542542   24.27653503
   28.99302292   42.13377762   68.20452881   97.76504517  119.64503479
  129.03182983  125.07844543  111.13642883   90.85800171   66.98121643
   45.3533783    30.76522827   24.60878754   22.95095253   22.94930649
   19.19520569   21.71363258   22.67749596   22.65714645   24.57464981
   31.97761917   50.56433868   90.22032928  138.90817261  178.35461426
  193.02886963  176.605896    148.06378174  115.61088562   81.03714752
   51.87122345   30.03709412   19.16888237   16.89463425   18.48833275
   21.45326996   22.5981102    21.22311783   20.93063927   22.83551598
   31.55724335   55.2679863   110.70540619  186.71589661  249.65881348
  271.08688354  236.02836609  183.16523743  133.41383362   87.29455566
   51.54984665   26.71985245   17.34897232   17.17945099   19.54879189]",121186,9531,121186
ILTJ14.040.055.2+53.014.,220.2301845369394,0.06268796829504154,1.7011554254003247,53.24276056797037,0.16597202157625573,1.7080827591033487,12.666883448470868,0.10311024379916489,2.535474151763755,233.60910965684621,0.37808082999149223,46.72335165311435,70.33623628810713,0.40107507245307905,21.893225511717212,0.11696805982314579,104.41609176662793,0.47938118826153897,0.10311024379916489,M,P219+52,378,18,18,"[  30.39696312   32.34648895   32.52744293   30.57657623   29.99435806
   37.13121033   62.11746979  126.93612671  220.52227783  301.61358643
  331.01364136  281.65087891  206.12457275  137.917099     83.79524231
   45.99981689   24.53582382   19.47443008   22.98534012   27.7758503
   33.86714935   35.02549744   33.9629631    30.84730148   28.39058304
   31.53031158   48.62643051  100.62435913  186.73980713  268.12268066
  296.62857056  255.30744934  179.55387878  109.08189392   62.76008224
   36.38246155   23.54902458   22.19379807   27.02716637   31.31718254
   36.60564041   36.95176697   35.55731964   32.1335907    29.02277374
   28.76842308   37.58654785   66.77709961  119.71374512  181.24563599
  209.72943115  182.80563354  123.2767334    70.75611877   43.10668182
   29.4714241    24.01714325   26.46244812   31.38396835   34.70045853
   38.16038513   38.11057281   36.81247711   33.80159378   29.68573189
   27.81633568   31.7359848    45.21390915   69.56814575  100.79415894
  119.22227478  104.00971222   69.75190735   43.45679474   31.81830215
   26.90252304   27.02912712   31.21545029   34.55965424   37.15525818
   39.27636719   38.70199585   37.44772339   35.07527161   31.26468658
   28.21569633   28.65774536   33.31681824   43.49066162   53.25330734
   58.1080513    49.45894241   35.92324066   28.43481445   26.97384644
   28.26200676   32.02341843   36.49356079   37.85182953   39.17997742
   39.55857086   38.88625336   37.72338867   36.29848099   33.68575287
   30.19606781   27.60641479   27.80822182   30.71513939   31.48269653
   29.36427498   24.47776413   21.1720314    22.55536652   26.70061874
   32.19737244   38.39343262   42.835392     43.5508194    40.68766785
   39.23828506   37.51589203   36.92465591   36.57941437   35.50783539
   33.3717041    29.37496948   26.46957016   25.55642319   23.20872498
   18.98883247   16.95022774   19.0182724    24.67721558   30.80912971
   36.91033554   43.49329376   47.58449936   45.5944519    41.13729858
   38.74654388   37.97169113   36.83001709   38.08333206   36.58302689
   34.76525497   31.49217987   27.39490509   24.69485092   21.77646446
   17.14420509   16.71384811   21.55146408   28.54288673   34.75130844
   39.38191223   43.71701813   46.09793472   43.69476318   40.47564697
   38.51022339   37.72375488   36.92284775   37.28594971   36.98912048
   36.14344406   32.65129471   28.43091583   25.46663666   23.64801788
   19.53519058   18.81474686   23.00941467   28.85332108   33.61910248
   36.83797073   40.21613312   42.45926285   42.24468994   40.54508209
   37.83738708   37.15739822   37.95668793   37.53255463   37.987957
   35.95901489   32.35736084   28.48038673   25.97488403   24.36975479
   23.13306427   21.37719727   22.93495941   26.3459549    29.38354111
   32.16283417   36.70849991   40.56670761   41.88226318   40.00731659
   36.44234848   36.13951874   37.00417709   37.86666107   36.40479279
   34.5342598    30.79621696   27.67595291   26.07265472   25.90082741
   25.51987076   24.23339844   23.7862587    24.66809845   26.57450485
   28.8807869    32.47464752   36.76959229   38.75866699   37.41278076
   33.82452393   33.53872681   34.07883453   35.46597672   33.77854919
   31.5483799    28.37800217   26.60925674   26.5782547    27.43917084
   29.2874012    28.52953148   26.55147552   25.79892349   26.68795013
   27.89699745   29.19603729   31.55098343   33.56437683   34.08247375
   32.71968079   32.58515549   31.56375313   31.37537766   29.9609375
   27.74251938   26.35601044   26.46047592   28.33714485   30.66043091
   33.14360046   33.04700089   30.81237411   28.20355988   27.44416046
   27.51906204   27.82900429   28.76846695   30.22582245   31.49053764
   29.49283409   30.25600624   29.72416115   28.24806404   27.01326752
   25.83709335   26.00513077   28.41958046   33.56197357   37.12560654
   40.05566788   39.63891983   36.23164749   31.3686924    28.42976761
   27.1821537    26.89733505   27.38176346   28.24593925   29.07934189
   27.0675354    26.77726746   26.32643509   26.7193737    25.74147987
   25.9682045    28.10593224   33.83744049   41.84525681   48.91931534
   52.76989365   51.3799057    46.34183884   38.55181885   31.72436905
   27.83024025   26.26577377   26.23150444   26.6157608    26.9335022
   24.69849205   24.79291725   25.07768631   25.65891647   26.10653877
   27.82898712   33.17281723   43.73411942   57.70383453   67.37973785
   72.2249527    70.35995483   63.58582687   52.02484131   39.72307587
   30.77336121   26.58000946   25.43132782   25.17453766   24.9972744
   22.18725204   22.66406822   24.59543228   26.28084183   27.86820221
   31.67992783   41.42617798   58.39539337   79.04920959   91.82765961
   98.42848206   95.49598694   86.7417984    72.05047607   53.01696014
   37.06830597   28.14025116   24.65911484   23.31914902   22.50526047
   19.86657333   22.1858387    25.34804153   27.43106461   30.24641418
   37.03316498   51.88230896   76.42920685  108.47648621  130.6914978
  138.91400146  131.46580505  117.08982849   95.43171692   69.53370667
   46.61328506   30.56807327   22.73803902   20.33829689   18.86737823
   19.79244232   23.79691315   26.89572716   29.03759766   32.93260574
   42.14514542   62.75450897   99.86972809  148.36972046  187.79286194
  201.34146118  183.70544434  153.91474915  120.63067627   84.1063385
   54.40235138   31.00403214   18.47899246   15.95611668   17.1874485
   24.64598846   27.71180725   29.13897705   30.0112896    32.94626617
   42.82018661   68.20039368  121.70172119  198.35064697  261.44714355
  282.9954834   245.78872681  192.9906311   139.78186035   92.14459229
   54.42616272   28.09504318   17.39365578   17.98398972   21.56736946]",139776,11862,139776
ILTJ12.017.049.8+49.057.,184.45764984144807,0.3810241823350175,1.7421766349954495,49.95561791032075,0.14966329425338726,1.7065752551958484,2.2602484966914735,0.0660662553855218,0.4568519243392848,10.430264239363284,0.17254976933160363,2.0931769889366763,27.854892575006485,0.9570959036866628,6.197043197902754,0.11497874274594636,21.51521563973615,1.581830062980709,0.0660662553855218,M,P22Hetde,378,18,18,"[  21.20947456   19.54361153   18.05267525   16.83070564   17.41296387
   24.65377045   48.71802521  110.7134552   203.95655823  281.82647705
  309.43713379  261.37313843  187.49108887  120.61565399   69.05871582
   35.27301025   19.88188362   19.53300095   22.59516335   23.01573753
   23.92048073   21.65957642   18.86338806   15.14289856   12.4100647
   14.35555458   29.3501358    79.16285706  166.22937012  246.83898926
  275.08331299  236.07214355  162.60858154   94.7280426    50.20801544
   26.61679268   18.59888458   21.31783295   25.45223808   25.8223896
   26.63163757   24.48495865   21.68576241   17.30973434   12.53130341
   10.85151482   17.11779976   43.4328804    96.99776459  160.58638
  191.62245178  167.33505249  110.20317078   58.97678375   32.50268555
   21.16734505   19.6906662    24.66650009   28.36791229   28.47719955
   29.67316818   28.1420517    25.28833771   20.86568069   15.15707779
   11.1003809    12.22675133   23.31456375   47.41098404   82.08512878
  105.25247192   93.98591614   61.28670502   34.98062134   23.74220467
   20.8381443    24.54981995   30.71032715   32.11993027   31.0371418
   33.0786972    31.12520409   28.11562347   24.23104858   18.90486526
   13.73165131   11.25984383   14.52849388   23.78490829   38.74603271
   51.03862      47.9187851    34.9793129    25.43658257   22.64610672
   24.6519928    30.88700104   37.04286575   36.28948212   33.86490631
   34.76722717   32.78773117   30.09718132   27.16268158   23.15935516
   18.15559006   13.29899788   11.93479347   14.48910713   21.01674271
   28.36116409   30.01987267   27.74276733   26.59436417   27.89315224
   31.64105606   37.69847107   42.41083908   41.12059021   36.67156219
   34.96561432   33.25564575   31.41534805   29.60606003   27.04878616
   22.8060379    17.3735466    13.2366333    12.24670982   15.1876812
   20.96506882   26.17480469   30.59388351   34.50387573   37.49497223
   40.03544617   43.66762543   46.08666992   43.02684021   37.56986237
   35.1470871    33.43215179   32.09004974   31.25857353   29.6038208
   26.50556946   21.46672821   16.31035995   13.44551468   14.20593643
   18.68204308   25.95788193   33.51072693   40.15033722   43.79413605
   44.73860931   44.80589294   44.29812241   41.29483795   37.57027435
   35.08113861   33.53236008   32.73841095   32.47225571   31.40504074
   28.78959656   24.05222893   18.72192574   15.23162365   14.41649628
   17.19293594   23.82591248   31.91766739   38.2562561    41.28587341
   41.52820587   40.71009064   40.41399384   39.66133499   37.8758316
   34.3875618    32.92720413   33.14002991   33.51952362   32.5867157
   29.54702377   24.46891785   19.2171917    15.72498131   14.36655617
   15.42195988   19.11303711   25.32012939   30.38409424   32.64524078
   33.33860016   35.10283279   37.86284637   39.11615753   36.9993515
   32.21073914   31.49837112   32.48012924   33.59227371   32.37731171
   28.50851822   23.01076889   18.20861435   15.37945175   14.34471035
   14.30673599   15.42407417   18.12574959   21.38156891   23.39144897
   24.89290237   28.08877182   32.88450623   35.31104279   33.87522888
   29.62537193   29.54875755   30.45204926   31.37335205   29.76726532
   25.37286377   20.21421814   16.67654419   15.1281395    14.93660069
   15.35717964   15.56654167   15.71035099   16.95656967   18.80680466
   20.33146667   22.32453156   25.91394424   28.88587189   29.73959923
   27.34122086   27.54061127   27.7688179    27.71611786   25.52121162
   21.39822197   17.55142403   15.71763039   15.79190159   16.96472168
   18.21406174   18.31304169   17.20256615   16.42876434   17.20639801
   18.46056747   19.75990295   21.81430817   24.34716988   26.31049538
   24.0468483    24.69406509   24.7081871    23.95658875   21.75815582
   18.59315491   16.28456879   16.45507431   18.90820122   21.84704208
   23.92024231   23.88970184   21.63532639   18.51237869   17.14673042
   17.13241577   18.08699799   19.56660843   21.35422516   23.02161789
   20.83811569   21.33644485   21.40878296   20.96743965   19.39567566
   17.34496689   17.14603806   20.30626488   26.18508339   31.86634064
   35.2697525    34.68696594   30.68413353   24.27977943   19.27959824
   16.66303635   16.46839905   17.52928162   18.7480793    19.9150238
   17.78239822   18.16965866   18.88987541   19.41623688   18.66288948
   18.14232635   20.92065048   28.55235291   39.42205048   48.8801651
   53.50937653   52.18720245   46.16667175   36.19748306   25.56424713
   18.13998795   15.43229294   15.62318707   16.36536598   17.1296196
   14.59108925   15.90474415   17.83161545   19.06875229   19.65844345
   21.4658432    28.17489815   41.9417305    59.55105591   72.58236694
   78.16085052   75.82194519   67.80953217   54.28329849   37.22811127
   22.88510132   15.37366772   13.67955399   13.80258274   14.16281509
   12.66169262   14.97127724   17.71850586   19.72862244   22.26994324
   27.59025192   39.22563553   61.67550278   89.25056458  109.23913574
  116.93283081  110.7691803    96.45581055   76.15133667   52.06536865
   30.98242378   17.08115387   11.62303257   10.73882484   11.28503799
   13.29210472   15.76558685   18.19231796   20.60710144   25.23627472
   34.37955475   52.30223846   87.8024826   133.24246216  169.06906128
  180.4916687   162.46014404  133.17826843  100.81777954   66.89077759
   39.7155304    19.95326233   11.41792297   10.67333603   11.64442635
   17.25324631   17.53924942   18.24167633   19.9410038    24.45819473
   35.06040192   59.03498077  110.53039551  181.91003418  242.63563538
  261.4359436   223.64558411  170.41409302  120.87606049   76.11237335
   41.82287598   20.5968132    15.06837654   16.5019722    17.31894302]",152022,13084,152022
ILTJ13.023.059.5+46.030.,200.99780599843768,0.45512581554009346,1.7598691735384862,46.51280975866579,0.5740242344896466,1.7942975845108369,1.6295482650439008,0.08704049832886085,0.3373324032369851,31.93985653977064,0.1101960388617281,6.388921708569138,24.309058381739824,1.4127262310387216,17.863941795358198,0.989942970079023,113.13192984580398,9.76640686169791,0.08704049832886085,M,P39Hetde,378,18,18,"[  18.03961182   17.81368256   17.32923698   16.42065048   16.86540604
   24.15831566   48.79960632  113.49401855  209.71025085  290.43457031
  319.13684082  269.84088135  193.60696411  123.88989258   69.2800293
   32.59243011   15.37317562   13.79769516   16.98557281   18.38072205
   19.12119865   18.44903755   16.89447594   14.09037304   12.02714634
   15.19516754   31.87303925   83.9644165   173.30264282  255.45272827
  284.33361816  243.62504578  166.62510681   94.71424866   47.07237625
   21.24724579   11.82871151   13.69355202   18.00801468   19.29997253
   19.83803749   18.98453522   17.22084427   13.87897491   10.37261391
   10.73048878   19.98067093   48.51319122  103.58048248  167.64915466
  198.04528809  171.45587158  110.33473206   54.88035965   25.67905045
   12.7325573    10.45393276   15.28740788   19.29202652   20.03596306
   20.55211639   19.9385643    18.38380051   15.30569649   11.25054169
    9.36501503   13.43027496   26.8758812    51.79217529   86.33804321
  108.30130005   94.11145782   57.42939758   27.43977356   13.91411972
    9.50019455   12.34495735   18.76838875   20.99495888   20.85441589
   21.73453331   21.21695709   19.76271057   17.10082626   13.31475163
   10.1157341    10.39166641   15.96875763   25.53701401   39.59145737
   50.05905533   43.93354034   27.46542168   15.05545044   10.36209488
   10.92115021   16.09465027   22.18673515   22.96605682   21.50417137
   23.08738327   22.42357445   21.02286339   19.29171371   16.65221024
   13.31590462   10.747365     11.21552086   13.99178982   19.07936859
   23.85658646   22.44197464   17.04852295   13.55456161   13.34357166
   15.91162014   21.04396057   25.49562836   25.29233932   23.13851166
   24.27497864   23.53359604   22.46694946   21.58701324   20.18889236
   17.52059174   13.70564079   10.95596218   10.10898685   11.3026619
   14.39021301   16.40954971   17.79846954   19.55797768   21.26770782
   23.04351807   26.27545547   28.94894791   27.61154747   24.97101974
   25.8044014    24.64727211   23.89760208   23.55493355   22.84904861
   20.99624825   17.1858902    13.01530647   10.32476044    9.4666748
   11.52674484   15.28062534   20.07619476   24.66242599   27.16436577
   27.92489624   28.65803909   29.47743988   28.7142601    26.99307442
   26.96016693   25.67400742   25.3498764    25.33045578   24.84031677
   23.19543076   19.54013443   15.00073051   11.81298256   10.22683716
   10.89778233   14.40176105   19.62004089   24.05727768   26.40246964
   27.07139206   28.04955673   30.00708008   30.77955246   29.21654701
   27.00778198   25.93527031   26.44301796   27.06345558   26.37898636
   24.1013298    20.06216812   15.73165131   12.80197144   11.38729477
   10.93552876   12.31353664   16.09019661   19.66635895   21.42160988
   22.80137253   26.0342865    29.99311066   31.58127213   29.75686264
   25.76776886   25.36519432   26.52865028   27.68380547   26.6564064
   23.468256     19.07036591   15.3699789    13.36267376   12.65353489
   12.32377148   11.79914856   12.4571085    14.39493752   16.02243042
   17.82031631   21.38939667   26.16422272   28.50803375   27.42703056
   24.26244545   24.26152039   25.0755806    25.81936646   24.46240997
   20.87258339   16.93797302   14.6541214    14.15090179   14.52261257
   14.87038994   14.27663708   13.02833176   12.93663216   14.06890106
   15.43678856   17.26182938   20.45928383   23.20148659   24.17844963
   22.2471199    22.33672333   22.53759384   22.39031982   20.58641434
   17.4162941    14.87022018   14.45212364   15.80723572   17.66324615
   18.71994972   18.32569504   16.31645012   14.34647942   14.06837368
   14.63982582   15.62092686   17.36155128   19.62005615   21.45351028
   19.51928902   19.59032059   19.31355858   18.64245987   16.97786331
   14.8331852    13.93689728   15.73827171   19.66964149   23.52228165
   25.45298386   24.95152283   21.81892014   17.45849991   14.94615459
   14.22237015   14.68070221   15.85834026   17.36404991   18.75272369
   16.53046417   16.38775635   15.92796326   15.38343048   14.58127499
   13.64724255   14.98993874   20.11536026   27.90374374   34.60455322
   38.04070663   37.26520157   32.03061295   24.3303051    18.07702827
   14.71440029   13.95328617   14.56663895   15.39156818   16.14455795
   13.72236824   13.20017147   13.18750572   13.79834843   13.66738796
   14.3229866    18.85822678   28.79099655   41.89821625   52.37729645
   57.42374039   56.00945282   48.95379639   37.57958984   25.56640053
   17.13770866   13.81896973   13.38659096   13.56968975   13.76891518
   11.02028847   11.64989376   12.70245838   13.31828976   14.21854591
   17.27221298   25.88545609   42.24761963   62.17696381   76.87488556
   83.2131958    80.75915527   71.91854858   57.42306137   38.61940765
   22.75130272   14.4701519    12.10234928   11.62274742   11.41804886
    9.73090172   11.10011578   13.15561485   14.24308205   16.57891846
   22.75864983   36.26183701   61.58397675   92.20423126  114.29074097
  123.05525208  117.09617615  102.01280212   80.27883148   54.06602478
   31.49252319   16.62159729   10.54460144    9.21440983    9.04545403
   10.39611912   12.51601982   14.54926014   16.35003471   20.35031128
   29.43741608   49.2803421    87.34648132  136.65640259  175.55331421
  188.50898743  170.38198853  140.13078308  105.9442749    69.74790955
   40.04415512   18.80110931    9.48720455    8.248806      9.24219894
   14.39742374   15.3093071    16.3412323    17.66779709   21.5220356
   31.7968502    56.88584137  110.79760742  186.19560242  250.35041809
  270.66488647  232.875       177.94189453  125.94400787   78.42320251
   41.15416718   18.18656921   11.48306465   12.59474754   13.90565205]",218599,17414,218599
ILTJ10.058.021.5+46.026.,164.58961081829656,0.21271444703016598,1.7132563836085213,46.443862642595114,0.7280456958465717,1.8493378640044977,2.812686904739436,0.06849066994618624,0.5666915182296148,9.570046927457039,0.1740676390239368,1.9219082888380923,41.33614797581469,1.7736447825642638,7.714083918614434,0.210507764998725,105.33092866800168,2.291346648885941,0.06849066994618624,M,P3Hetdex,378,18,18,"[  17.23373032   20.09011459   22.25401688   23.11988449   24.98593521
   34.03141022   61.4323082   127.7215271   224.84843445  305.39028931
  333.05911255  281.27398682  202.59765625  130.74920654   74.72825623
   36.08176422   15.88768578   11.32044601   12.87089539   15.20817661
   19.14409065   21.24461746   21.88117027   20.63933563   19.80216789
   23.47565651   41.46840286   95.70927429  186.59959412  269.17114258
  297.47033691  254.80804443  175.57481384  101.65614319   52.39205933
   24.48129845   12.24396324   11.3077898    14.32116413   16.52931595
   20.98379517   22.50521088   22.59066391   20.57159424   18.0635891
   18.91044235   28.15533066   58.18280792  113.9985199   178.80178833
  208.99835205  181.1594696   118.33528137   61.08548737   30.27112961
   15.70187187   10.70464134   13.23932648   16.71983719   18.60411072
   22.58042336   23.74813461   23.65109253   21.73919678   18.33082199
   16.85867691   20.95436859   34.68561935   59.76508713   94.58250427
  116.45078278  101.35905457   63.49529266   32.42928696   17.72898865
   11.93216896   12.32312965   17.07093811   19.03632736   20.71572495
   23.85162544   24.34984207   24.02955627   22.54071045   19.39347839
   16.46212578   16.51015282   22.23920441   32.24723053   45.99427795
   56.04019165   48.98022079   31.70962524   18.77510643   13.44983101
   12.80325508   15.99398613   20.608778     21.91962433   22.07407379
   23.93991089   24.05362511   23.78171158   23.29272461   21.50640106
   18.72808075   16.1944561    16.45504761   19.26583099   24.42848969
   28.39713478   25.98952675   19.65860176   15.64623928   15.05847454
   17.18733597   21.41568756   25.01687622   24.83053589   23.3791275
   22.9477005    23.04341125   23.34004593   23.97562027   23.86590004
   21.86837196   18.14355087   15.07866669   14.06581116   15.54758453
   17.47755814   18.43248558   18.8171196    20.07660294   21.70416451
   23.53123093   26.48828316   28.76446915   26.72194099   23.59797287
   22.12853622   22.15513992   22.94283295   24.23549271   24.94213486
   23.99077606   20.40156555   15.91396713   12.93030739   12.0768795
   13.1788311    16.0800457    20.21022606   24.39598846   26.94850922
   27.47131157   27.61163139   27.59407616   25.58555222   23.04460526
   21.73340988   21.71701813   22.90805244   24.35647011   25.33986664
   24.78833199   21.34883881   16.5019722    13.00109386   11.32326508
   11.33055687   14.2255125    19.12270927   23.33660889   25.30137444
   25.05836105   24.5205574    24.8783474    24.74230576   23.04276466
   21.07130432   21.14421082   22.83408928   24.71942902   25.40560532
   24.27045441   20.50827217   15.93423653   12.73305988   11.01499367
   10.85768509   11.59148598   14.95425987   17.95417023   18.97858047
   18.99514771   20.46936035   23.28331375   24.56167221   23.09230614
   19.81246185   20.24467278   22.35308266   24.42116928   24.65990067
   22.53401375   18.4984436    14.67030525   12.54989624   11.88301849
   11.1768856    10.66507244   10.85924911   11.90559006   12.54448414
   13.29267311   15.68607616   19.661726     21.7700119    20.93474579
   18.59391594   19.19631195   20.84098434   22.42171669   22.22716522
   19.58511543   16.0620575    13.81179237   13.31459332   13.79121971
   13.65866089   12.86748219   10.96502209    9.94141388   10.29072952
   11.03945923   12.2403965    14.82938385   17.20217896   18.20414734
   16.90950012   17.58376312   18.72034073   19.68756485   19.0612793
   16.79506683   14.69516945   14.4085865    15.76898384   17.72920799
   18.13543892   17.27598953   14.34332371   11.22340679   10.16827106
   10.36715221   10.99614429   12.36389446   14.29383564   16.00131989
   14.92700577   15.69950294   16.66567993   17.55280685   17.23043633
   15.88315964   15.4842205    17.37765503   20.6541481    25.06074715
   25.9370842    24.73471832   20.58193588   15.04061508   11.59984875
   10.25859547   10.3559618    11.25547886   12.55140877   13.8925972
   12.88720226   13.93445778   15.47138214   17.18535995   17.6166153
   17.4656868    19.09748268   24.1283226    31.66511154   38.10366821
   39.91458511   39.04191589   31.96098709   23.10560608   15.79567623
   11.49995327   10.13983727   10.46511459   11.17664242   12.01438046
   11.15944099   12.76053047   15.75605774   18.73999023   19.98517227
   21.4570961    26.10176277   35.73610687   47.1963768    57.52036285
   61.12160492   58.90970993   50.24789429   37.93747711   24.80504799
   15.16611671   10.72611523    9.8452816     9.95179176   10.35697937
    9.56663513   12.82289696   17.47001076   21.10758018   23.81037712
   27.84410858   36.63986206   52.57637024   70.53572083   83.86946106
   88.91687775   85.06729126   75.01616669   59.68791962   40.12871552
   22.31207657   12.37768745    9.105793      8.3675518     8.51242447
    8.82845688   13.56798935   19.35914993   23.70198441   28.53315926
   36.12169647   50.10145569   74.83917236  103.35212708  123.8371048
  130.94906616  123.2982254   107.0082016    84.14328003   56.67503357
   32.57266617   15.75885105    8.18184471    6.36563683    6.21938419
    9.68739128   15.35048008   20.9474411    25.71037292   32.34248352
   43.45794296   64.41692352  102.45371246  150.25593567  187.587677
  198.9839325   178.79251099  146.88995361  111.55742645   74.21264648
   42.68878555   19.45077705    8.3533535     5.92201138    6.40856647
   13.44048309   17.73137856   21.77012253   25.55443192   31.63962364
   43.98271942   70.85505676  126.29152679  201.30924988  264.49533081
  283.38400269  243.18597412  186.08538818  132.35858154   83.50373077
   44.65061951   19.22829247    9.44086266    9.01090145   10.63585854]",222995,18068,222995
ILTJ11.08.05.1+53.013.01,167.02115197162402,0.36496865295556374,1.7387357814343727,53.22071425535555,0.22134801970698403,1.7143497151480507,2.3757857575587784,0.07274818199221045,0.4806938907620289,17.92401076052054,0.15549892758983433,3.588173126566197,38.33724662466722,0.9983675173229287,7.30873842435974,0.11652187412604718,29.78511446256278,1.340573665296017,0.07274818199221045,M,P8Hetdex,378,18,18,"[  20.74291229   21.04489517   19.51698685   17.33961105   15.29679775
   20.07171249   41.03429413  100.4226532   191.71343994  268.90783691
  296.70135498  249.87709045  178.03813171  113.12796021   63.17259979
   30.34992027   15.04714966   14.01367378   17.75281525   19.41968346
   26.35509109   25.85057449   23.19088364   18.39122391   13.93952942
   14.22610092   27.10173225   73.23918152  157.05162048  235.53071594
  263.32751465  224.93634033  153.31762695   87.83561707   45.41856003
   22.94659805   15.07291603   17.7997818    22.65801048   25.39235497
   30.61624527   29.54443169   26.74093437   21.61479759   15.47027969
   12.85801888   17.76928711   41.45571518   91.68733215  152.25500488
  181.46157837  157.5145874   102.40692139   53.99152756   29.3932991
   18.95431519   17.67139626   22.98231888   27.70734406   30.20734406
   33.71656799   32.49380493   29.9186058    25.33732986   19.16710281
   14.30723763   14.36711216   23.6720314    44.91250992   76.42546082
   97.49762726   86.05979919   55.34455872   31.72860718   22.13842201
   19.85274315   23.19130707   29.32005501   32.60829163   33.42619324
   36.08818054   34.68011475   32.11761475   28.29961967   22.74850464
   16.66128731   13.91873646   15.73213863   22.69635201   34.59802246
   44.46588516   41.02839661   30.07972336   23.13599014   22.02968979
   24.53435707   30.26566315   36.08596802   37.20228577   35.99406052
   37.34255219   35.73443604   33.43427658   30.67164421   26.56737137
   20.58551216   15.79677391   13.39262104   14.12492085   17.87613678
   22.36798096   23.80522919   23.35728073   24.45416451   27.34678459
   32.029953     38.40008545   43.05341339   42.08200073   38.56967163
   37.31535339   35.38356781   33.5134964    31.6840744    28.95649719
   25.37734795   19.53623581   14.66508675   12.30487919   12.63466644
   15.85067368   20.59168243   26.3276844    32.21629333   36.83258057
   40.57076263   45.11840439   48.06587601   44.91693115   39.59606934
   36.97283936   35.56297302   33.73592377   33.29827881   30.62327194
   27.2388916    22.93806839   17.41839981   13.80775452   12.23028755
   14.55517387   20.84555817   29.67472839   37.90270996   43.00972748
   45.03310776   46.0316124    46.01841736   42.90002441   39.0200119
   36.28791046   35.00915909   33.61341095   32.85605621   31.3023262
   29.32868958   24.69841766   19.37111092   15.63769436   13.56855965
   14.65103722   20.23439789   28.64126587   35.93365479   40.10740662
   41.0766983    40.98818588   41.18941879   40.3633194    38.49642181
   34.8216095    33.6075592    33.6686554    32.82454681   32.30501556
   29.2168541    24.4239769    19.30226135   15.88042068   14.35274315
   14.49817276   17.37720299   23.43508148   28.75579453   31.38693237
   32.41983795   34.66911316   38.18267822   39.48390961   37.42146301
   32.08375549   31.38656998   32.1544342    32.82632446   30.39827347
   27.47550583   22.2194252    17.5892086    14.95103073   14.11750984
   14.58204746   15.3232708    17.6084404    20.61389923   22.55856323
   24.17159271   27.73775673   33.10284042   35.51216507   33.86037445
   28.69588852   28.33139038   28.73952103   29.99564552   27.19844437
   23.71462059   18.61244011   15.24668312   14.03975391   14.34299088
   15.71452332   16.01837921   16.1818161    17.07092667   18.64855194
   20.1801033    22.25362778   25.90107918   28.64304733   29.1228714
   26.49022675   26.43370438   25.65395737   25.00829124   22.46431732
   18.40488815   15.22516251   13.63029385   14.19523621   15.91341972
   18.12723541   18.48802948   17.52098465   16.85359383   17.42433167
   18.42493629   19.5588131    21.38117409   23.63326073   25.30200958
   22.79719162   23.62755013   23.19863319   20.94803047   18.32990646
   15.23200226   13.37024975   13.72859573   17.26758957   20.24093246
   23.17873001   23.35185432   21.21084023   18.25565338   16.98274803
   16.9245491    17.63564682   18.86598015   20.4379158    21.94836426
   19.87744522   19.89271545   19.11672783   18.54554367   15.69882393
   13.88519764   13.59983253   16.9040184    23.20743752   29.40291977
   33.4005127    32.83559418   29.06258774   23.05851746   18.33980179
   15.98893642   15.80447388   16.69207382   17.86047363   19.06247139
   17.12721825   17.6382885    17.38489914   16.08352661   14.70688057
   14.06943989   16.57542229   24.29514694   36.04548645   45.3167038
   50.30741119   49.15744019   43.49074936   33.82526398   23.74069595
   16.88626862   14.56639004   14.8046627    15.68198109   16.58307648
   14.35945606   14.3580265    15.3772974    16.27454376   15.204916
   16.50662613   22.70191765   36.47583771   54.47246933   67.30998993
   73.59260559   71.66777802   63.99090576   50.96022415   34.46677017
   20.89670944   14.31054688   12.75773335   13.06974888   13.51928902
   10.92490387   13.83187103   15.02035522   15.75227165   17.17989159
   21.04320145   31.8214035    53.82358932   82.10810089  102.53355408
  110.73329163  105.13661957   91.68409729   71.99248505   48.470047
   28.00126457   15.02767754    9.81311798    9.01342583    9.5300436
   11.67089653   13.5114212    15.37902451   16.22700119   18.73432541
   26.20462418   42.48907471   77.01371765  122.72488403  159.24497986
  171.74656677  154.99435425  126.92802429   95.4790802    62.01651764
   35.24156189   15.98416328    7.42700672    6.90619373    8.23057175
   14.92825985   16.5625       17.86451721   17.36252785   18.80392075
   26.72481155   49.18434906   98.19018555  169.2701416   230.40008545
  250.10728455  214.11058044  162.97116089  113.90776062   70.13949585
   36.55026245   15.61876965    9.64111996   11.48756695   12.87714291]",253424,19766,253424
